{
  "train_accuracy": [
    0.7958115183246073,
    0.8814850071394574,
    0.8905283198476915,
    0.9014754878629224,
    0.8995716325559258,
    0.9024274155164208,
    0.9076630176106616,
    0.9076630176106616,
    0.9133745835316516,
    0.9200380771061399,
    0.9133745835316516,
    0.9247977153736316,
    0.9214659685863874,
    0.9276534983341266,
    0.9305092812946216,
    0.93717277486911,
    0.9405045216563541,
    0.9424083769633508,
    0.9438362684435982,
    0.9547834364588291,
    0.9538315088053307,
    0.9557353641123275,
    0.9595430747263208,
    0.9619228938600667,
    0.9633507853403142,
    0.9671584959543075
  ],
  "train_precision": [
    0.7821034282393957,
    0.8798679867986798,
    0.8769329896907216,
    0.888599348534202,
    0.8888162197514715,
    0.8933508887425938,
    0.8988095238095238,
    0.9036144578313253,
    0.9043824701195219,
    0.9134228187919463,
    0.9114864864864864,
    0.9134487350199734,
    0.919782460910945,
    0.9256480218281037,
    0.9294520547945205,
    0.9283783783783783,
    0.9369431117203564,
    0.9401238816242258,
    0.9408528198074277,
    0.9553384508025122,
    0.9508650519031142,
    0.9535045107564192,
    0.9556479556479557,
    0.958970792767733,
    0.9571527297857636,
    0.9644103279832519
  ],
  "train_recall": [
    0.9614285714285714,
    0.9521428571428572,
    0.9721428571428572,
    0.9742857142857143,
    0.9707142857142858,
    0.9692857142857143,
    0.9707142857142858,
    0.9642857142857143,
    0.9728571428571429,
    0.9721428571428572,
    0.9635714285714285,
    0.98,
    0.9664285714285714,
    0.9692857142857143,
    0.9692857142857143,
    0.9814285714285714,
    0.9764285714285714,
    0.9757142857142858,
    0.9771428571428571,
    0.9778571428571429,
    0.9814285714285714,
    0.9814285714285714,
    0.985,
    0.985,
    0.9892857142857143,
    0.9871428571428571
  ],
  "train_f1_score": [
    0.862544056392182,
    0.9145797598627787,
    0.9220867208672087,
    0.9294718909710392,
    0.9279617616934107,
    0.9297704693388147,
    0.9333791208791209,
    0.9329647546648238,
    0.9373709566414316,
    0.9418685121107266,
    0.9368055555555556,
    0.9455547898001379,
    0.9425287356321839,
    0.9469644103279833,
    0.948951048951049,
    0.9541666666666667,
    0.956278419027632,
    0.9575885033298283,
    0.9586545199719692,
    0.9664666431344864,
    0.9659050966608085,
    0.9672650475184794,
    0.9701020049243757,
    0.9718111346018323,
    0.9729539866526168,
    0.9756441934345217
  ],
  "train_roc_auc": [
    0.8717434277562667,
    0.9560077440391277,
    0.958949459955166,
    0.9643183207662523,
    0.9661381699612799,
    0.9695526798451192,
    0.97093030364785,
    0.9744090075402486,
    0.9740258813939271,
    0.9774893009985735,
    0.9774679029957204,
    0.981632361931934,
    0.9821703688608112,
    0.9822019563888322,
    0.983128184226615,
    0.9855013246382718,
    0.9890686773996332,
    0.9886427552476054,
    0.9908192378235176,
    0.9916252292643164,
    0.9928734460974119,
    0.9928102710413694,
    0.9940299572039943,
    0.9944803342164255,
    0.9953219889953128,
    0.9948074179743224
  ],
  "train_specificity": [
    0.46504992867332384,
    0.7403708987161198,
    0.7275320970042796,
    0.7560627674750356,
    0.7574893009985735,
    0.7689015691868759,
    0.7817403708987162,
    0.7945791726105563,
    0.7945791726105563,
    0.8159771754636234,
    0.8131241084165478,
    0.8145506419400856,
    0.8316690442225392,
    0.8445078459343794,
    0.8530670470756063,
    0.8487874465049928,
    0.8687589158345221,
    0.8758915834522111,
    0.8773181169757489,
    0.9087018544935807,
    0.8987161198288159,
    0.9044222539229672,
    0.9087018544935807,
    0.9158345221112696,
    0.9115549215406562,
    0.927246790299572
  ],
  "train_false_positive_rate": [
    0.5349500713266762,
    0.25962910128388017,
    0.2724679029957204,
    0.24393723252496433,
    0.24251069900142652,
    0.23109843081312412,
    0.21825962910128388,
    0.20542082738944364,
    0.20542082738944364,
    0.1840228245363766,
    0.18687589158345222,
    0.18544935805991442,
    0.16833095577746077,
    0.15549215406562053,
    0.14693295292439373,
    0.15121255349500715,
    0.1312410841654779,
    0.12410841654778887,
    0.12268188302425106,
    0.0912981455064194,
    0.10128388017118402,
    0.09557774607703282,
    0.0912981455064194,
    0.08416547788873038,
    0.0884450784593438,
    0.07275320970042796
  ],
  "train_mcc": [
    0.5224418221313486,
    0.7281088450697203,
    0.7509090251719474,
    0.7762305873717813,
    0.7713901400820953,
    0.777766453029307,
    0.7898958244162856,
    0.7894376605150574,
    0.8031458218573103,
    0.81827946798979,
    0.8025963469171311,
    0.8298435679570932,
    0.821301146474263,
    0.8355711332605565,
    0.8421234077947933,
    0.8579015990353002,
    0.865129110403975,
    0.8694434951940827,
    0.8727320298570416,
    0.8976754375124574,
    0.8955529264313464,
    0.89986977063574,
    0.9085933912339885,
    0.913969789251382,
    0.9173770169401846,
    0.9258550522611472
  ],
  "train_true_positives": [
    1346,
    1333,
    1361,
    1364,
    1359,
    1357,
    1359,
    1350,
    1362,
    1361,
    1349,
    1372,
    1353,
    1357,
    1357,
    1374,
    1367,
    1366,
    1368,
    1369,
    1374,
    1374,
    1379,
    1379,
    1385,
    1382
  ],
  "train_true_negatives": [
    326,
    519,
    510,
    530,
    531,
    539,
    548,
    557,
    557,
    572,
    570,
    571,
    583,
    592,
    598,
    595,
    609,
    614,
    615,
    637,
    630,
    634,
    637,
    642,
    639,
    650
  ],
  "train_false_positives": [
    375,
    182,
    191,
    171,
    170,
    162,
    153,
    144,
    144,
    129,
    131,
    130,
    118,
    109,
    103,
    106,
    92,
    87,
    86,
    64,
    71,
    67,
    64,
    59,
    62,
    51
  ],
  "train_false_negatives": [
    54,
    67,
    39,
    36,
    41,
    43,
    41,
    50,
    38,
    39,
    51,
    28,
    47,
    43,
    43,
    26,
    33,
    34,
    32,
    31,
    26,
    26,
    21,
    21,
    15,
    18
  ],
  "train_loss": [
    0.0264362702287282,
    0.013789483264907065,
    0.013268586957234551,
    0.012691207173647303,
    0.012138964700032815,
    0.011714016948121063,
    0.01176604723811827,
    0.010976239089910505,
    0.010888015925460919,
    0.010520746384634438,
    0.010490105487406254,
    0.009871908481176379,
    0.009338334470874432,
    0.009615555592586823,
    0.00939199755807887,
    0.00888249886955953,
    0.008026700533898265,
    0.007950771631757643,
    0.007251431849771038,
    0.006925311399920081,
    0.006349100785993152,
    0.0063310191970121004,
    0.006060210848579917,
    0.005526914501167608,
    0.005346397874580527,
    0.00554244566107324
  ],
  "val_accuracy": [
    0.8775055679287305,
    0.8841870824053452,
    0.8797327394209354,
    0.8819599109131403,
    0.89086859688196,
    0.8797327394209354,
    0.8930957683741648,
    0.89086859688196,
    0.8953229398663697,
    0.8953229398663697,
    0.8953229398663697,
    0.9042316258351893,
    0.888641425389755,
    0.9086859688195991,
    0.9175946547884187,
    0.9086859688195991,
    0.8997772828507795,
    0.9086859688195991,
    0.9131403118040089,
    0.910913140311804,
    0.9131403118040089,
    0.9042316258351893,
    0.910913140311804,
    0.9220489977728286,
    0.9220489977728286,
    0.9131403118040089
  ],