{
  "train_accuracy": [
    0.9644444444444444,
    0.9863492063492063,
    0.9895238095238095,
    0.9907936507936508,
    0.9907936507936508,
    0.9917460317460317,
    0.9911111111111112,
    0.9946031746031746,
    0.9958730158730159,
    0.9933333333333333,
    0.9968253968253968,
    0.993968253968254,
    0.9968253968253968,
    0.9974603174603175,
    0.9980952380952381,
    0.9965079365079365,
    0.9965079365079365,
    0.9987301587301587,
    0.9977777777777778,
    0.9990476190476191,
    1.0,
    1.0,
    1.0,
    0.9987301587301587,
    0.9993650793650793,
    0.9980952380952381,
    0.9996825396825397,
    1.0,
    1.0,
    1.0,
    1.0,
    1.0,
    1.0,
    1.0,
    1.0
  ],
  "train_precision": [
    0.9591331269349845,
    0.9862155388471178,
    0.9893483709273183,
    0.9918341708542714,
    0.9906015037593985,
    0.9918495297805643,
    0.9930774071743235,
    0.9943609022556391,
    0.9956140350877193,
    0.9949685534591195,
    0.997489014438167,
    0.9943538268506901,
    0.9968652037617555,
    0.9981167608286252,
    0.9981191222570532,
    0.9956195244055068,
    0.9968632371392723,
    0.9987460815047022,
    0.9974937343358395,
    0.9993726474278545,
    1.0,
    1.0,
    1.0,
    0.9987460815047022,
    0.9993730407523511,
    0.9981191222570532,
    1.0,
    1.0,
    1.0,
    1.0,
    1.0,
    1.0,
    1.0,
    1.0,
    1.0
  ],
  "train_recall": [
    0.9711598746081505,
    0.986833855799373,
    0.9899686520376175,
    0.9899686520376175,
    0.9912225705329154,
    0.9918495297805643,
    0.9893416927899686,
    0.9949843260188088,
    0.9962382445141066,
    0.9918495297805643,
    0.9962382445141066,
    0.9937304075235109,
    0.9968652037617555,
    0.9968652037617555,
    0.9981191222570532,
    0.9974921630094044,
    0.9962382445141066,
    0.9987460815047022,
    0.9981191222570532,
    0.9987460815047022,
    1.0,
    1.0,
    1.0,
    0.9987460815047022,
    0.9993730407523511,
    0.9981191222570532,
    0.9993730407523511,
    1.0,
    1.0,
    1.0,
    1.0,
    1.0,
    1.0,
    1.0,
    1.0
  ],
  "train_f1_score": [
    0.9651090342679127,
    0.9865246004387339,
    0.9896584142901912,
    0.9909005334170066,
    0.9909119398307741,
    0.9918495297805643,
    0.9912060301507538,
    0.9946725164525227,
    0.9959260419931056,
    0.9934065934065934,
    0.9968632371392723,
    0.9940420194418313,
    0.9968652037617555,
    0.9974905897114178,
    0.9981191222570532,
    0.9965549639837143,
    0.9965506428347445,
    0.9987460815047022,
    0.9978063303039799,
    0.9990592662276576,
    1.0,
    1.0,
    1.0,
    0.9987460815047022,
    0.9993730407523511,
    0.9981191222570532,
    0.9996864220758859,
    1.0,
    1.0,
    1.0,
    1.0,
    1.0,
    1.0,
    1.0,
    1.0
  ],
  "train_roc_auc": [
    0.995243173502404,
    0.9994097309719883,
    0.9997012367829531,
    0.9997411525164047,
    0.9998121138203188,
    0.9998040500357831,
    0.9997415557056315,
    0.9999121047485611,
    0.9999500045358788,
    0.9997455875978994,
    0.9999806469171143,
    0.9999205717223235,
    0.9999709703756716,
    0.9999737927002591,
    0.9999834692417019,
    0.9999447630759306,
    0.9999689544295376,
    0.9999927425939178,
    0.9999866947555162,
    0.9999983872430929,
    1.0,
    1.0,
    1.0,
    0.9999947585400518,
    0.9999983872430929,
    0.9999931457831447,
    0.9999995968107732,
    1.0,
    1.0,
    1.0,
    1.0,
    1.0,
    1.0,
    1.0,
    1.0
  ],
  "train_specificity": [
    0.957556270096463,
    0.9858520900321543,
    0.9890675241157556,
    0.9916398713826367,
    0.9903536977491961,
    0.9916398713826367,
    0.9929260450160772,
    0.9942122186495177,
    0.9954983922829582,
    0.9948553054662379,
    0.997427652733119,
    0.9942122186495177,
    0.9967845659163987,
    0.9980707395498393,
    0.9980707395498393,
    0.9954983922829582,
    0.9967845659163987,
    0.9987138263665595,
    0.997427652733119,
    0.9993569131832798,
    1.0,
    1.0,
    1.0,
    0.9987138263665595,
    0.9993569131832798,
    0.9980707395498393,
    1.0,
    1.0,
    1.0,
    1.0,
    1.0,
    1.0,
    1.0,
    1.0,
    1.0
  ],
  "train_false_positive_rate": [
    0.04244372990353698,
    0.01414790996784566,
    0.010932475884244373,
    0.008360128617363344,
    0.00964630225080386,
    0.008360128617363344,
    0.00707395498392283,
    0.005787781350482315,
    0.0045016077170418,
    0.005144694533762058,
    0.002572347266881029,
    0.005787781350482315,
    0.003215434083601286,
    0.0019292604501607716,
    0.0019292604501607716,
    0.0045016077170418,
    0.003215434083601286,
    0.0012861736334405145,
    0.002572347266881029,
    0.0006430868167202572,
    0.0,
    0.0,
    0.0,
    0.0012861736334405145,
    0.0006430868167202572,
    0.0019292604501607716,
    0.0,
    0.0,
    0.0,
    0.0,
    0.0,
    0.0,
    0.0,
    0.0,
    0.0
  ],
  "train_mcc": [
    0.9289408952697795,
    0.9726939855493398,
    0.9790442683588977,
    0.9815865587015316,
    0.9815843814827208,
    0.9834894011632009,
    0.9822273442413155,
    0.9892047208541902,
    0.9917448339780134,
    0.986670027072327,
    0.9936506734524726,
    0.9879348588720712,
    0.9936497696781542,
    0.9949207000586712,
    0.9961898618068925,
    0.993016379719316,
    0.9930150031886454,
    0.9974599078712617,
    0.995555003663748,
    0.9980951475052197,
    1.0,
    1.0,
    1.0,
    0.9974599078712617,
    0.9987299539356308,
    0.9961898618068925,
    0.9993651835843632,
    1.0,
    1.0,
    1.0,
    1.0,
    1.0,
    1.0,
    1.0,
    1.0
  ],
  "train_true_positives": [
    1549,
    1574,
    1579,
    1579,
    1581,
    1582,
    1578,
    1587,
    1589,
    1582,
    1589,
    1585,
    1590,
    1590,
    1592,
    1591,
    1589,
    1593,
    1592,
    1593,
    1595,
    1595,
    1595,
    1593,
    1594,
    1592,
    1594,
    1595,
    1595,
    1595,
    1595,
    1595,
    1595,
    1595,
    1595
  ],
  "train_true_negatives": [
    1489,
    1533,
    1538,
    1542,
    1540,
    1542,
    1544,
    1546,
    1548,
    1547,
    1551,
    1546,
    1550,
    1552,
    1552,
    1548,
    1550,
    1553,
    1551,
    1554,
    1555,
    1555,
    1555,
    1553,
    1554,
    1552,
    1555,
    1555,
    1555,
    1555,
    1555,
    1555,
    1555,
    1555,
    1555
  ],
  "train_false_positives": [
    66,
    22,
    17,
    13,
    15,
    13,
    11,
    9,
    7,
    8,
    4,
    9,
    5,
    3,
    3,
    7,
    5,
    2,
    4,
    1,
    0,
    0,
    0,
    2,
    1,
    3,
    0,
    0,
    0,
    0,
    0,
    0,
    0,
    0,
    0
  ],
  "train_false_negatives": [
    46,
    21,
    16,
    16,
    14,
    13,
    17,
    8,
    6,
    13,
    6,
    10,
    5,
    5,
    3,
    4,
    6,
    2,
    3,
    2,
    0,
    0,
    0,
    2,
    1,
    3,
    1,
    0,
    0,
    0,
    0,
    0,
    0,
    0,
    0
  ],
  "train_loss": [
    0.007795715739764155,
    0.002046843330693567,
    0.0014432763771080749,
    0.0013448041858058737,
    0.0011806144105617423,
    0.001192561854921301,
    0.0013525799039379735,
    0.0008147527538676703,
    0.0006213011194385943,
    0.0013613224041884077,
    0.00041882263320424545,
    0.000810155564066259,
    0.0004528391983410171,
    0.0004408305862379822,
    0.0003599912407303706,
    0.0006361644924690018,
    0.0004503433980050134,
    0.00026979475676697733,
    0.00034793222854413117,
    0.00016256401287393426,
    6.824898560531886e-05,
    4.2867836662596654e-05,
    3.8119340920804654e-05,
    0.0002250829522079587,
    0.00015487645730588462,
    0.0002513303431565543,
    8.0866360074165e-05,
    1.7914750478786136e-05,
    1.4006467489747488e-05,
    1.1564568987292444e-05,
    1.0228103498296951e-05,
    7.346042823802428e-06,
    7.282581344065243e-06,
    5.82196999776357e-06,
    5.745189476452369e-06
  ],