{
  "metric": [
    "Accuracy",
    "Precision",
    "Recall",
    "F1 Score",
    "ROC AUC",
    "Specificity",
    "MCC"
  ],
  "synthetic": [
    1.0,
    1.0,
    1.0,
    1.0,
    1.0,
    1.0,
    1.0
  ],
  "real_data": [
    0.9244444444444444,
    0.915625,
    0.9766666666666667,
    0.9451612903225807,
    0.9803333333333333,
    0.82,
    0.828583418111436
  ],
  "gap": [
    0.0755555555555556,
    0.08437499999999998,
    0.023333333333333317,
    0.05483870967741933,
    0.01966666666666672,
    0.18000000000000005,
    0.171416581888564
  ]
}