{
  "inference_time": {
    "mean_ms": 25.0614333152771,
    "std_ms": 6.3824978614793935,
    "min_ms": 10.143041610717773,
    "max_ms": 38.576364517211914,
    "median_ms": 24.341464042663574
  },
  "model_size": {
    "total_mb": 0.121612548828125,
    "params_mb": 0.121612548828125,
    "buffers_mb": 0.0,
    "num_parameters": 27656
  },
  "meets_latency_requirement": true,
  "meets_memory_requirement": true
}